{"word_id":40000180,"text":"It's fun to make something together. Now let's enjoy!","name_display":"page-story-4131-It's fun to make something together. Now let's enjoy!","path_word":"umedhwmucxlaarwo3wgenju6nlp5sasd_234728.zip","sentence_type":0,"image":[],"video":[],"audio":[{"id":120179,"link":"audio/ezmk3WoyyO4oQD2jHelGIN1672979129163.mp3","file_path":"ezmk3WoyyO4oQD2jHelGIN1672979129163.mp3","duration":4632,"voices_id":65,"sync_data":[{"e":520,"s":0,"te":3,"ts":0,"w":"It's"},{"e":800,"s":520,"te":7,"ts":5,"w":"fun"},{"e":1010,"s":800,"te":10,"ts":9,"w":"to"},{"e":1230,"s":1010,"te":15,"ts":12,"w":"make"},{"e":1900,"s":1230,"te":25,"ts":17,"w":"something"},{"e":2910,"s":1900,"te":35,"ts":27,"w":"together."},{"e":3330,"s":2910,"te":39,"ts":37,"w":"Now"},{"e":3660,"s":3330,"te":45,"ts":41,"w":"let's"},{"e":4500,"s":3660,"te":52,"ts":47,"w":"enjoy!"}]}],"audio_effect":[],"gaf":[],"spine":[],"animation":[],"color":{"text":"","highlight":""},"filter_word":[],"phonic":[],"list_not_game":[]}