{"word_id":40000167,"text":"Of course we need some fruits and vegetables.","name_display":"page-story-4131-Of course we need some fruits and vegetables.","path_word":"ernub6nudkq7zllzcdvd1qbfnrv8gyum_234728.zip","sentence_type":0,"image":[],"video":[],"audio":[{"id":120166,"link":"audio/QX6fXBWS375ZVwvArrwQnU1672979126020.mp3","file_path":"QX6fXBWS375ZVwvArrwQnU1672979126020.mp3","duration":3360,"voices_id":65,"sync_data":[{"e":350,"s":0,"te":1,"ts":0,"w":"Of"},{"e":820,"s":350,"te":8,"ts":3,"w":"course"},{"e":1040,"s":820,"te":11,"ts":10,"w":"we"},{"e":1220,"s":1040,"te":16,"ts":13,"w":"need"},{"e":1610,"s":1220,"te":21,"ts":18,"w":"some"},{"e":1880,"s":1610,"te":28,"ts":23,"w":"fruits"},{"e":2160,"s":1880,"te":32,"ts":30,"w":"and"},{"e":3280,"s":2160,"te":44,"ts":34,"w":"vegetables."}]}],"audio_effect":[],"gaf":[],"spine":[],"animation":[],"color":{"text":"","highlight":""},"filter_word":[],"phonic":[],"list_not_game":[]}