{"word_id":40000173,"text":"Now we need to mix them together.","name_display":"page-story-4131-Now we need to mix them together.","path_word":"hso5db9knzilkcrfdj8qjkxsacnvn1pd_234728.zip","sentence_type":0,"image":[],"video":[],"audio":[{"id":120172,"link":"audio/ZtWUp1kHH12nG2dE0ZJ6W91672979127631.mp3","file_path":"ZtWUp1kHH12nG2dE0ZJ6W91672979127631.mp3","duration":5064,"voices_id":65,"sync_data":[{"e":570,"s":0,"te":2,"ts":0,"w":"Now"},{"e":730,"s":570,"te":5,"ts":4,"w":"we"},{"e":1010,"s":730,"te":10,"ts":7,"w":"need"},{"e":1260,"s":1010,"te":13,"ts":12,"w":"to"},{"e":1680,"s":1260,"te":17,"ts":15,"w":"mix"},{"e":1920,"s":1680,"te":22,"ts":19,"w":"them"},{"e":2770,"s":1920,"te":32,"ts":24,"w":"together."}]}],"audio_effect":[],"gaf":[],"spine":[],"animation":[],"color":{"text":"","highlight":""},"filter_word":[],"phonic":[],"list_not_game":[]}