{"word_id":40000181,"text":"Let's make a salad bowl!","name_display":"page-story-4131-Let's make a salad bowl!","path_word":"aqnmb308ljptwguwukwims7ipxxrkjic_234728.zip","sentence_type":0,"image":[],"video":[],"audio":[{"id":120180,"link":"audio/4oMyaOMYqRCpKqucKAMkdq1672979122092.mp3","file_path":"4oMyaOMYqRCpKqucKAMkdq1672979122092.mp3","duration":2376,"voices_id":65,"sync_data":[{"e":640,"s":0,"te":4,"ts":0,"w":"Let's"},{"e":930,"s":640,"te":9,"ts":6,"w":"make"},{"e":1060,"s":930,"te":11,"ts":11,"w":"a"},{"e":1780,"s":1060,"te":17,"ts":13,"w":"salad"},{"e":2300,"s":1780,"te":23,"ts":19,"w":"bowl!"}]}],"audio_effect":[],"gaf":[],"spine":[],"animation":[],"color":{"text":"","highlight":""},"filter_word":[],"phonic":[],"list_not_game":[]}