{"word_id":40000199,"text":"Don't forget to add some cheese!","name_display":"page-story-4131-Don't forget to add some cheese!","path_word":"kgvbaqleuqc3adbdceresl860rnqqtcs_234728.zip","sentence_type":0,"image":[],"video":[],"audio":[{"id":120198,"link":"audio/uCTGfXqWV6e3xEG5fRMaUB1672979050238.mp3","file_path":"uCTGfXqWV6e3xEG5fRMaUB1672979050238.mp3","duration":5208,"voices_id":65,"sync_data":[{"e":670,"s":0,"te":4,"ts":0,"w":"Don't"},{"e":1270,"s":670,"te":11,"ts":6,"w":"forget"},{"e":1510,"s":1270,"te":14,"ts":13,"w":"to"},{"e":1840,"s":1510,"te":18,"ts":16,"w":"add"},{"e":2200,"s":1840,"te":23,"ts":20,"w":"some"},{"e":3110,"s":2200,"te":31,"ts":25,"w":"cheese!"}]}],"audio_effect":[],"gaf":[],"spine":[],"animation":[],"color":{"text":"","highlight":""},"filter_word":[],"phonic":[],"list_not_game":[]}