{"word_id":40000175,"text":"Sounds great!","name_display":"page-story-4131-Sounds great!","path_word":"ma21idnlkobflrerogsiu1hqjxevmnx1_234728.zip","sentence_type":0,"image":[],"video":[],"audio":[{"id":120174,"link":"audio/9hGYcbQSZ3jxHIjhF3sjwV1672979123352.mp3","file_path":"9hGYcbQSZ3jxHIjhF3sjwV1672979123352.mp3","duration":1776,"voices_id":65,"sync_data":[{"e":790,"s":0,"te":5,"ts":0,"w":"Sounds"},{"e":1690,"s":790,"te":12,"ts":7,"w":"great!"}]}],"audio_effect":[],"gaf":[],"spine":[],"animation":[],"color":{"text":"","highlight":""},"filter_word":[],"phonic":[],"list_not_game":[]}