{
"skeleton": {
	"hash": "sRNV/XYzZwA",
	"spine": "3.8",
	"x": -354.06,
	"y": -280.31,
	"width": 678.42,
	"height": 518.69,
	"images": "",
	"audio": ""
},
"bones": [
	{ "name": "root" },
	{ "name": "bone2", "parent": "root" },
	{ "name": "Blink", "parent": "bone2", "x": 72.71, "y": -192.54, "scaleX": 0.0948, "scaleY": 0.0948 },
	{ "name": "Blink2", "parent": "bone2", "x": 206.75, "y": 58.48, "scaleX": 0.0567, "scaleY": 0.0567 },
	{ "name": "Blink3", "parent": "bone2", "x": -158.75, "y": 138.96, "scaleX": 0.0567, "scaleY": 0.0567 },
	{ "name": "Blink4", "parent": "bone2", "x": -125.22, "y": -132.65, "scaleX": 0.0567, "scaleY": 0.0567 },
	{ "name": "Blink5", "parent": "bone2", "x": -296.38, "y": 29.98, "scaleX": 0.0708, "scaleY": 0.0708 },
	{ "name": "Blink6", "parent": "bone2", "x": 44.86, "y": 166.15, "scaleX": 0.0708, "scaleY": 0.0708 },
	{ "name": "Blink7", "parent": "bone2", "x": -53.01, "y": 24.33, "scaleX": 0.0322, "scaleY": 0.0322 },
	{ "name": "Blink8", "parent": "bone2", "x": 280.86, "y": -105.84, "scaleX": 0.0513, "scaleY": 0.0513 }
],
"slots": [
	{ "name": "Blink", "bone": "Blink", "attachment": "Blink" },
	{ "name": "Blink5", "bone": "Blink5", "attachment": "Blink" },
	{ "name": "Blink8", "bone": "Blink8", "attachment": "Blink" },
	{ "name": "Blink6", "bone": "Blink6", "attachment": "Blink" },
	{ "name": "Blink7", "bone": "Blink7", "attachment": "Blink" },
	{ "name": "Blink2", "bone": "Blink2", "attachment": "Blink" },
	{ "name": "Blink3", "bone": "Blink3", "attachment": "Blink" },
	{ "name": "Blink4", "bone": "Blink4", "attachment": "Blink" }
],
"skins": [
	{
		"name": "default",
		"attachments": {
			"Blink": {
				"Blink": { "x": 16.31, "y": 47.34, "width": 1662, "height": 1946 }
			},
			"Blink2": {
				"Blink": { "x": 16.31, "y": 47.34, "width": 1662, "height": 1946 }
			},
			"Blink3": {
				"Blink": { "x": 16.31, "y": 47.34, "width": 1662, "height": 1946 }
			},
			"Blink4": {
				"Blink": { "x": 16.31, "y": 47.34, "width": 1662, "height": 1946 }
			},
			"Blink5": {
				"Blink": { "x": 16.31, "y": 47.34, "width": 1662, "height": 1946 }
			},
			"Blink6": {
				"Blink": { "x": 16.31, "y": 47.34, "width": 1662, "height": 1946 }
			},
			"Blink7": {
				"Blink": { "x": 16.31, "y": 47.34, "width": 1662, "height": 1946 }
			},
			"Blink8": {
				"Blink": { "x": 16.31, "y": 47.34, "width": 1662, "height": 1946 }
			}
		}
	}
],
"animations": {
	"Blink": {
		"slots": {
			"Blink2": {
				"attachment": [
					{ "name": "Blink" }
				]
			},
			"Blink3": {
				"attachment": [
					{ "name": "Blink" }
				]
			},
			"Blink4": {
				"attachment": [
					{ "name": "Blink" }
				]
			},
			"Blink5": {
				"attachment": [
					{ "name": "Blink" }
				]
			},
			"Blink6": {
				"attachment": [
					{ "name": "Blink" }
				]
			},
			"Blink7": {
				"attachment": [
					{ "name": "Blink" }
				]
			},
			"Blink8": {
				"attachment": [
					{ "name": "Blink" }
				]
			}
		},
		"bones": {
			"Blink": {
				"rotate": [
					{},
					{ "time": 0.8, "angle": -135 },
					{ "time": 1.6 },
					{ "time": 2.4, "angle": -135 },
					{ "time": 3.2 }
				],
				"scale": [
					{ "x": 0, "y": 0 },
					{ "time": 0.4 },
					{ "time": 0.8, "x": 0, "y": 0 },
					{ "time": 1.2 },
					{ "time": 1.6, "x": 0, "y": 0 },
					{ "time": 2 },
					{ "time": 2.4, "x": 0, "y": 0 },
					{ "time": 2.8 },
					{ "time": 3.2, "x": 0, "y": 0 }
				]
			},
			"root": {
				"scale": [
					{ "x": 0.52, "y": 0.52 }
				]
			},
			"Blink2": {
				"rotate": [
					{ "angle": -16.87 },
					{ "time": 0.1 },
					{ "time": 0.9, "angle": -135 },
					{ "time": 1.7 },
					{ "time": 2.5, "angle": -135 },
					{ "time": 3.2, "angle": -16.87 }
				],
				"scale": [
					{ "x": 0.16, "y": 0.16 },
					{ "time": 0.1, "x": 0, "y": 0 },
					{ "time": 0.5 },
					{ "time": 0.9, "x": 0, "y": 0 },
					{ "time": 1.3 },
					{ "time": 1.7, "x": 0, "y": 0 },
					{ "time": 2.1 },
					{ "time": 2.5, "x": 0, "y": 0 },
					{ "time": 2.9 },
					{ "time": 3.2, "x": 0.16, "y": 0.16 }
				]
			},
			"Blink3": {
				"rotate": [
					{ "angle": -33.75 },
					{ "time": 0.2 },
					{ "time": 1, "angle": -135 },
					{ "time": 1.8 },
					{ "time": 2.6, "angle": -135 },
					{ "time": 3.2, "angle": -33.75 }
				],
				"scale": [
					{ "x": 0.5, "y": 0.5 },
					{ "time": 0.2, "x": 0, "y": 0 },
					{ "time": 0.6 },
					{ "time": 1, "x": 0, "y": 0 },
					{ "time": 1.4 },
					{ "time": 1.8, "x": 0, "y": 0 },
					{ "time": 2.2 },
					{ "time": 2.6, "x": 0, "y": 0 },
					{ "time": 3 },
					{ "time": 3.2, "x": 0.5, "y": 0.5 }
				]
			},
			"Blink4": {
				"rotate": [
					{ "angle": -50.62 },
					{ "time": 0.3 },
					{ "time": 1.1, "angle": -135 },
					{ "time": 1.9 },
					{ "time": 2.7, "angle": -135 },
					{ "time": 3.2, "angle": -50.62 }
				],
				"scale": [
					{ "x": 0, "y": 0 },
					{ "time": 0.4 },
					{ "time": 0.8, "x": 0, "y": 0 },
					{ "time": 1.2 },
					{ "time": 1.6, "x": 0, "y": 0 },
					{ "time": 2 },
					{ "time": 2.4, "x": 0, "y": 0 },
					{ "time": 2.8 },
					{ "time": 3.2, "x": 0, "y": 0 }
				]
			},
			"Blink5": {
				"rotate": [
					{ "angle": -67.5 },
					{ "time": 0.4 },
					{ "time": 1.2, "angle": -135 },
					{ "time": 2 },
					{ "time": 2.8, "angle": -135 },
					{ "time": 3.2, "angle": -67.5 }
				],
				"scale": [
					{},
					{ "time": 0.4, "x": 0, "y": 0 },
					{ "time": 0.8 },
					{ "time": 1.2, "x": 0, "y": 0 },
					{ "time": 1.6 },
					{ "time": 2, "x": 0, "y": 0 },
					{ "time": 2.4 },
					{ "time": 2.8, "x": 0, "y": 0 },
					{ "time": 3.2 }
				]
			},
			"Blink6": {
				"rotate": [
					{ "angle": -84.37 },
					{ "time": 0.5 },
					{ "time": 1.3, "angle": -135 },
					{ "time": 2.1 },
					{ "time": 2.9, "angle": -135 },
					{ "time": 3.2, "angle": -84.37 }
				],
				"scale": [
					{ "x": 0.829, "y": 0.829 },
					{ "time": 0.1 },
					{ "time": 0.5, "x": 0, "y": 0 },
					{ "time": 0.9 },
					{ "time": 1.3, "x": 0, "y": 0 },
					{ "time": 1.7 },
					{ "time": 2.1, "x": 0, "y": 0 },
					{ "time": 2.5 },
					{ "time": 2.9, "x": 0, "y": 0 },
					{ "time": 3.2, "x": 0.829, "y": 0.829 }
				]
			},
			"Blink7": {
				"rotate": [
					{ "angle": -101.25 },
					{ "time": 0.6 },
					{ "time": 1.4, "angle": -135 },
					{ "time": 2.2 },
					{ "time": 3, "angle": -135 },
					{ "time": 3.2, "angle": -101.25 }
				],
				"scale": [
					{ "x": 0, "y": 0 },
					{ "time": 0.4 },
					{ "time": 0.8, "x": 0, "y": 0 },
					{ "time": 1.2 },
					{ "time": 1.6, "x": 0, "y": 0 },
					{ "time": 2 },
					{ "time": 2.4, "x": 0, "y": 0 },
					{ "time": 2.8 },
					{ "time": 3.2, "x": 0, "y": 0 }
				]
			},
			"Blink8": {
				"rotate": [
					{ "angle": -118.12 },
					{ "time": 0.7 },
					{ "time": 1.5, "angle": -135 },
					{ "time": 2.3 },
					{ "time": 3.1, "angle": -135 },
					{ "time": 3.2, "angle": -118.12 }
				],
				"scale": [
					{ "x": 0.171, "y": 0.171 },
					{ "time": 0.3 },
					{ "time": 0.7, "x": 0, "y": 0 },
					{ "time": 1.1 },
					{ "time": 1.5, "x": 0, "y": 0 },
					{ "time": 1.9 },
					{ "time": 2.3, "x": 0, "y": 0 },
					{ "time": 2.7 },
					{ "time": 3.1, "x": 0, "y": 0 },
					{ "time": 3.2, "x": 0.171, "y": 0.171 }
				]
			}
		}
	},
	"End": {
		"slots": {
			"Blink2": {
				"attachment": [
					{ "name": "Blink" }
				]
			},
			"Blink3": {
				"attachment": [
					{ "name": "Blink" }
				]
			},
			"Blink4": {
				"attachment": [
					{ "name": "Blink" }
				]
			},
			"Blink5": {
				"attachment": [
					{ "name": "Blink" }
				]
			},
			"Blink6": {
				"attachment": [
					{ "name": "Blink" }
				]
			},
			"Blink7": {
				"attachment": [
					{ "name": "Blink" }
				]
			},
			"Blink8": {
				"attachment": [
					{ "name": "Blink" }
				]
			}
		},
		"bones": {
			"Blink": {
				"rotate": [
					{},
					{ "time": 0.8, "angle": -135 },
					{ "time": 1.6 },
					{ "time": 2.4, "angle": -135 },
					{ "time": 3.2 }
				],
				"scale": [
					{ "x": 0, "y": 0 },
					{ "time": 0.4 },
					{ "time": 0.8, "x": 0, "y": 0 },
					{ "time": 1.2 },
					{ "time": 1.6, "x": 0, "y": 0 },
					{ "time": 2 },
					{ "time": 2.4, "x": 0, "y": 0 },
					{ "time": 2.8 },
					{ "time": 3.2, "x": 0, "y": 0 }
				]
			},
			"root": {
				"scale": [
					{ "x": 0.52, "y": 0.52 }
				]
			},
			"Blink2": {
				"rotate": [
					{ "angle": -16.87 },
					{ "time": 0.1 },
					{ "time": 0.9, "angle": -135 },
					{ "time": 1.7 },
					{ "time": 2.5, "angle": -135 },
					{ "time": 3.2, "angle": -16.87 }
				],
				"scale": [
					{ "x": 0.16, "y": 0.16 },
					{ "time": 0.1, "x": 0, "y": 0 },
					{ "time": 0.5 },
					{ "time": 0.9, "x": 0, "y": 0 },
					{ "time": 1.3 },
					{ "time": 1.7, "x": 0, "y": 0 },
					{ "time": 2.1 },
					{ "time": 2.5, "x": 0, "y": 0 },
					{ "time": 2.9 },
					{ "time": 3.2, "x": 0.16, "y": 0.16 },
					{ "time": 3.5333, "x": 0, "y": 0, "curve": "stepped" },
					{ "time": 5.3333, "x": 0, "y": 0 }
				]
			},
			"Blink3": {
				"rotate": [
					{ "angle": -33.75 },
					{ "time": 0.2 },
					{ "time": 1, "angle": -135 },
					{ "time": 1.8 },
					{ "time": 2.6, "angle": -135 },
					{ "time": 3.2, "angle": -33.75 }
				],
				"scale": [
					{ "x": 0.5, "y": 0.5 },
					{ "time": 0.2, "x": 0, "y": 0 },
					{ "time": 0.6 },
					{ "time": 1, "x": 0, "y": 0 },
					{ "time": 1.4 },
					{ "time": 1.8, "x": 0, "y": 0 },
					{ "time": 2.2 },
					{ "time": 2.6, "x": 0, "y": 0 },
					{ "time": 3 },
					{ "time": 3.2, "x": 0.5, "y": 0.5 },
					{ "time": 3.5333, "x": 0, "y": 0, "curve": "stepped" },
					{ "time": 5.3333, "x": 0, "y": 0 }
				]
			},
			"Blink4": {
				"rotate": [
					{ "angle": -50.62 },
					{ "time": 0.3 },
					{ "time": 1.1, "angle": -135 },
					{ "time": 1.9 },
					{ "time": 2.7, "angle": -135 },
					{ "time": 3.2, "angle": -50.62 }
				],
				"scale": [
					{ "x": 0, "y": 0 },
					{ "time": 0.4 },
					{ "time": 0.8, "x": 0, "y": 0 },
					{ "time": 1.2 },
					{ "time": 1.6, "x": 0, "y": 0 },
					{ "time": 2 },
					{ "time": 2.4, "x": 0, "y": 0 },
					{ "time": 2.8 },
					{ "time": 3.2, "x": 0, "y": 0 }
				]
			},
			"Blink5": {
				"rotate": [
					{ "angle": -67.5 },
					{ "time": 0.4 },
					{ "time": 1.2, "angle": -135 },
					{ "time": 2 },
					{ "time": 2.8, "angle": -135 },
					{ "time": 3.2, "angle": -67.5 }
				],
				"scale": [
					{},
					{ "time": 0.4, "x": 0, "y": 0 },
					{ "time": 0.8 },
					{ "time": 1.2, "x": 0, "y": 0 },
					{ "time": 1.6 },
					{ "time": 2, "x": 0, "y": 0 },
					{ "time": 2.4 },
					{ "time": 2.8, "x": 0, "y": 0 },
					{ "time": 3.2 },
					{ "time": 3.5333, "x": 0, "y": 0, "curve": "stepped" },
					{ "time": 5.3333, "x": 0, "y": 0 }
				]
			},
			"Blink6": {
				"rotate": [
					{ "angle": -84.37 },
					{ "time": 0.5 },
					{ "time": 1.3, "angle": -135 },
					{ "time": 2.1 },
					{ "time": 2.9, "angle": -135 },
					{ "time": 3.2, "angle": -84.37 }
				],
				"scale": [
					{ "x": 0.829, "y": 0.829 },
					{ "time": 0.1 },
					{ "time": 0.5, "x": 0, "y": 0 },
					{ "time": 0.9 },
					{ "time": 1.3, "x": 0, "y": 0 },
					{ "time": 1.7 },
					{ "time": 2.1, "x": 0, "y": 0 },
					{ "time": 2.5 },
					{ "time": 2.9, "x": 0, "y": 0 },
					{ "time": 3.2, "x": 0.829, "y": 0.829 },
					{ "time": 3.5333, "x": 0, "y": 0, "curve": "stepped" },
					{ "time": 5.3333, "x": 0, "y": 0 }
				]
			},
			"Blink7": {
				"rotate": [
					{ "angle": -101.25 },
					{ "time": 0.6 },
					{ "time": 1.4, "angle": -135 },
					{ "time": 2.2 },
					{ "time": 3, "angle": -135 },
					{ "time": 3.2, "angle": -101.25 }
				],
				"scale": [
					{ "x": 0, "y": 0 },
					{ "time": 0.4 },
					{ "time": 0.8, "x": 0, "y": 0 },
					{ "time": 1.2 },
					{ "time": 1.6, "x": 0, "y": 0 },
					{ "time": 2 },
					{ "time": 2.4, "x": 0, "y": 0 },
					{ "time": 2.8 },
					{ "time": 3.2, "x": 0, "y": 0 }
				]
			},
			"Blink8": {
				"rotate": [
					{ "angle": -118.12 },
					{ "time": 0.7 },
					{ "time": 1.5, "angle": -135 },
					{ "time": 2.3 },
					{ "time": 3.1, "angle": -135 },
					{ "time": 3.2, "angle": -118.12 }
				],
				"scale": [
					{ "x": 0.171, "y": 0.171 },
					{ "time": 0.3 },
					{ "time": 0.7, "x": 0, "y": 0 },
					{ "time": 1.1 },
					{ "time": 1.5, "x": 0, "y": 0 },
					{ "time": 1.9 },
					{ "time": 2.3, "x": 0, "y": 0 },
					{ "time": 2.7 },
					{ "time": 3.1, "x": 0, "y": 0 },
					{ "time": 3.2, "x": 0.171, "y": 0.171 },
					{ "time": 3.5333, "x": 0, "y": 0, "curve": "stepped" },
					{ "time": 5.3333, "x": 0, "y": 0 }
				]
			}
		}
	},
	"Start": {
		"slots": {
			"Blink2": {
				"attachment": [
					{ "name": "Blink" },
					{ "time": 0.3333, "name": "Blink" }
				]
			},
			"Blink3": {
				"attachment": [
					{ "name": "Blink" },
					{ "time": 0.3333, "name": "Blink" }
				]
			},
			"Blink4": {
				"attachment": [
					{ "name": "Blink" },
					{ "time": 0.3333, "name": "Blink" }
				]
			},
			"Blink5": {
				"attachment": [
					{ "name": "Blink" },
					{ "time": 0.3333, "name": "Blink" }
				]
			},
			"Blink6": {
				"attachment": [
					{ "name": "Blink" },
					{ "time": 0.3333, "name": "Blink" }
				]
			},
			"Blink7": {
				"attachment": [
					{ "name": "Blink" },
					{ "time": 0.3333, "name": "Blink" }
				]
			},
			"Blink8": {
				"attachment": [
					{ "name": "Blink" },
					{ "time": 0.3333, "name": "Blink" }
				]
			}
		},
		"bones": {
			"Blink": {
				"rotate": [
					{ "curve": "stepped" },
					{ "time": 0.3333 },
					{ "time": 1.1333, "angle": -135 },
					{ "time": 1.9333 },
					{ "time": 2.7333, "angle": -135 },
					{ "time": 3.5333 }
				],
				"scale": [
					{ "x": 0, "y": 0, "curve": "stepped" },
					{ "time": 0.3333, "x": 0, "y": 0 },
					{ "time": 0.7333 },
					{ "time": 1.1333, "x": 0, "y": 0 },
					{ "time": 1.5333 },
					{ "time": 1.9333, "x": 0, "y": 0 },
					{ "time": 2.3333 },
					{ "time": 2.7333, "x": 0, "y": 0 },
					{ "time": 3.1333 },
					{ "time": 3.5333, "x": 0, "y": 0 }
				]
			},
			"root": {
				"scale": [
					{ "x": 0.52, "y": 0.52 }
				]
			},
			"Blink2": {
				"rotate": [
					{ "angle": -16.87, "curve": "stepped" },
					{ "time": 0.3333, "angle": -16.87 },
					{ "time": 0.4333 },
					{ "time": 1.2333, "angle": -135 },
					{ "time": 2.0333 },
					{ "time": 2.8333, "angle": -135 },
					{ "time": 3.5333, "angle": -16.87 }
				],
				"scale": [
					{ "x": 0, "y": 0 },
					{ "time": 0.3333, "x": 0.16, "y": 0.16 },
					{ "time": 0.4333, "x": 0, "y": 0 },
					{ "time": 0.8333 },
					{ "time": 1.2333, "x": 0, "y": 0 },
					{ "time": 1.6333 },
					{ "time": 2.0333, "x": 0, "y": 0 },
					{ "time": 2.4333 },
					{ "time": 2.8333, "x": 0, "y": 0 },
					{ "time": 3.2333 },
					{ "time": 3.5333, "x": 0.16, "y": 0.16 }
				]
			},
			"Blink3": {
				"rotate": [
					{ "angle": -33.75, "curve": "stepped" },
					{ "time": 0.3333, "angle": -33.75 },
					{ "time": 0.5333 },
					{ "time": 1.3333, "angle": -135 },
					{ "time": 2.1333 },
					{ "time": 2.9333, "angle": -135 },
					{ "time": 3.5333, "angle": -33.75 }
				],
				"scale": [
					{ "x": 0, "y": 0 },
					{ "time": 0.3333, "x": 0.5, "y": 0.5 },
					{ "time": 0.5333, "x": 0, "y": 0 },
					{ "time": 0.9333 },
					{ "time": 1.3333, "x": 0, "y": 0 },
					{ "time": 1.7333 },
					{ "time": 2.1333, "x": 0, "y": 0 },
					{ "time": 2.5333 },
					{ "time": 2.9333, "x": 0, "y": 0 },
					{ "time": 3.3333 },
					{ "time": 3.5333, "x": 0.5, "y": 0.5 }
				]
			},
			"Blink4": {
				"rotate": [
					{ "angle": -50.62, "curve": "stepped" },
					{ "time": 0.3333, "angle": -50.62 },
					{ "time": 0.6333 },
					{ "time": 1.4333, "angle": -135 },
					{ "time": 2.2333 },
					{ "time": 3.0333, "angle": -135 },
					{ "time": 3.5333, "angle": -50.62 }
				],
				"scale": [
					{ "x": 0, "y": 0, "curve": "stepped" },
					{ "time": 0.3333, "x": 0, "y": 0 },
					{ "time": 0.7333 },
					{ "time": 1.1333, "x": 0, "y": 0 },
					{ "time": 1.5333 },
					{ "time": 1.9333, "x": 0, "y": 0 },
					{ "time": 2.3333 },
					{ "time": 2.7333, "x": 0, "y": 0 },
					{ "time": 3.1333 },
					{ "time": 3.5333, "x": 0, "y": 0 }
				]
			},
			"Blink5": {
				"rotate": [
					{ "angle": -67.5, "curve": "stepped" },
					{ "time": 0.3333, "angle": -67.5 },
					{ "time": 0.7333 },
					{ "time": 1.5333, "angle": -135 },
					{ "time": 2.3333 },
					{ "time": 3.1333, "angle": -135 },
					{ "time": 3.5333, "angle": -67.5 }
				],
				"scale": [
					{ "x": 0, "y": 0 },
					{ "time": 0.3333 },
					{ "time": 0.7333, "x": 0, "y": 0 },
					{ "time": 1.1333 },
					{ "time": 1.5333, "x": 0, "y": 0 },
					{ "time": 1.9333 },
					{ "time": 2.3333, "x": 0, "y": 0 },
					{ "time": 2.7333 },
					{ "time": 3.1333, "x": 0, "y": 0 },
					{ "time": 3.5333 }
				]
			},
			"Blink6": {
				"rotate": [
					{ "angle": -84.37, "curve": "stepped" },
					{ "time": 0.3333, "angle": -84.37 },
					{ "time": 0.8333 },
					{ "time": 1.6333, "angle": -135 },
					{ "time": 2.4333 },
					{ "time": 3.2333, "angle": -135 },
					{ "time": 3.5333, "angle": -84.37 }
				],
				"scale": [
					{ "x": 0, "y": 0 },
					{ "time": 0.3333, "x": 0.829, "y": 0.829 },
					{ "time": 0.4333 },
					{ "time": 0.8333, "x": 0, "y": 0 },
					{ "time": 1.2333 },
					{ "time": 1.6333, "x": 0, "y": 0 },
					{ "time": 2.0333 },
					{ "time": 2.4333, "x": 0, "y": 0 },
					{ "time": 2.8333 },
					{ "time": 3.2333, "x": 0, "y": 0 },
					{ "time": 3.5333, "x": 0.829, "y": 0.829 }
				]
			},
			"Blink7": {
				"rotate": [
					{ "angle": -101.25, "curve": "stepped" },
					{ "time": 0.3333, "angle": -101.25 },
					{ "time": 0.9333 },
					{ "time": 1.7333, "angle": -135 },
					{ "time": 2.5333 },
					{ "time": 3.3333, "angle": -135 },
					{ "time": 3.5333, "angle": -101.25 }
				],
				"scale": [
					{ "x": 0, "y": 0, "curve": "stepped" },
					{ "time": 0.3333, "x": 0, "y": 0 },
					{ "time": 0.7333 },
					{ "time": 1.1333, "x": 0, "y": 0 },
					{ "time": 1.5333 },
					{ "time": 1.9333, "x": 0, "y": 0 },
					{ "time": 2.3333 },
					{ "time": 2.7333, "x": 0, "y": 0 },
					{ "time": 3.1333 },
					{ "time": 3.5333, "x": 0, "y": 0 }
				]
			},
			"Blink8": {
				"rotate": [
					{ "angle": -118.12, "curve": "stepped" },
					{ "time": 0.3333, "angle": -118.12 },
					{ "time": 1.0333 },
					{ "time": 1.8333, "angle": -135 },
					{ "time": 2.6333 },
					{ "time": 3.4333, "angle": -135 },
					{ "time": 3.5333, "angle": -118.12 }
				],
				"scale": [
					{ "x": 0, "y": 0 },
					{ "time": 0.3333, "x": 0.171, "y": 0.171 },
					{ "time": 0.6333 },
					{ "time": 1.0333, "x": 0, "y": 0 },
					{ "time": 1.4333 },
					{ "time": 1.8333, "x": 0, "y": 0 },
					{ "time": 2.2333 },
					{ "time": 2.6333, "x": 0, "y": 0 },
					{ "time": 3.0333 },
					{ "time": 3.4333, "x": 0, "y": 0 },
					{ "time": 3.5333, "x": 0.171, "y": 0.171 }
				]
			}
		}
	}
}
}