{"word_id":40000198,"text":"I will shred some lettuce.","name_display":"page-story-4131-I will shred some lettuce.","path_word":"yawq796itjukn4yq0m7gmcbpanjhckzy_234728.zip","sentence_type":0,"image":[],"video":[],"audio":[{"id":120197,"link":"audio/7aM51zQ5Vhj8wLaZztH8xh1672979049026.mp3","file_path":"7aM51zQ5Vhj8wLaZztH8xh1672979049026.mp3","duration":4200,"voices_id":65,"sync_data":[{"e":350,"s":0,"te":0,"ts":0,"w":"I"},{"e":580,"s":350,"te":5,"ts":2,"w":"will"},{"e":980,"s":580,"te":11,"ts":7,"w":"shred"},{"e":1370,"s":980,"te":16,"ts":13,"w":"some"},{"e":2330,"s":1370,"te":25,"ts":18,"w":"lettuce."}]}],"audio_effect":[],"gaf":[],"spine":[],"animation":[],"color":{"text":"","highlight":""},"filter_word":[],"phonic":[],"list_not_game":[]}