{"word_id":40000166,"text":"The salad bowl looks so delicious!","name_display":"page-story-4131-The salad bowl looks so delicious!","path_word":"nxhthuoqpaopxknqgmvtj7hizydssrdn_234728.zip","sentence_type":0,"image":[],"video":[],"audio":[{"id":120165,"link":"audio/PAmzwLY0LaC6Fv5JnXvqm11672979052850.mp3","file_path":"PAmzwLY0LaC6Fv5JnXvqm11672979052850.mp3","duration":4752,"voices_id":65,"sync_data":[{"e":400,"s":0,"te":2,"ts":0,"w":"The"},{"e":1080,"s":400,"te":8,"ts":4,"w":"salad"},{"e":1300,"s":1080,"te":13,"ts":10,"w":"bowl"},{"e":1670,"s":1300,"te":19,"ts":15,"w":"looks"},{"e":2220,"s":1670,"te":22,"ts":21,"w":"so"},{"e":3400,"s":2220,"te":33,"ts":24,"w":"delicious!"}]}],"audio_effect":[],"gaf":[],"spine":[],"animation":[],"color":{"text":"","highlight":""},"filter_word":[],"phonic":[],"list_not_game":[]}