{"word_id":40000182,"text":"I will boil the eggs and fry the pork.","name_display":"page-story-4131-I will boil the eggs and fry the pork.","path_word":"5vm0m9f8um2dmnzlnmuzi5ncwmehifwn_234728.zip","sentence_type":0,"image":[],"video":[],"audio":[{"id":120181,"link":"audio/GkIEBzod19C0fWLr2isd2G1672979124586.mp3","file_path":"GkIEBzod19C0fWLr2isd2G1672979124586.mp3","duration":3768,"voices_id":65,"sync_data":[{"e":370,"s":0,"te":0,"ts":0,"w":"I"},{"e":660,"s":370,"te":5,"ts":2,"w":"will"},{"e":1150,"s":660,"te":10,"ts":7,"w":"boil"},{"e":1330,"s":1150,"te":14,"ts":12,"w":"the"},{"e":2010,"s":1330,"te":19,"ts":16,"w":"eggs"},{"e":2390,"s":2010,"te":23,"ts":21,"w":"and"},{"e":2770,"s":2390,"te":27,"ts":25,"w":"fry"},{"e":2980,"s":2770,"te":31,"ts":29,"w":"the"},{"e":3640,"s":2980,"te":37,"ts":33,"w":"pork."}]}],"audio_effect":[],"gaf":[],"spine":[],"animation":[],"color":{"text":"","highlight":""},"filter_word":[],"phonic":[],"list_not_game":[]}